漬物,,T-01,津軽の技 葉くるみ漬,https://file003.shop-pro.jp/PA01421/558/img/T-01M.jpg,作成する,https://file003.shop-pro.jp/PA01421/558/img/T-01.jpg,,,,,,,,,2500,2350,3000,1400,20,在庫管理する,1,100,,,,,個,,表示する,50,1,熊谷食品の看板商品「葉くるみ漬」は一見ロールキャベツのようですが『中が大根、まわりが白菜』大根を芯にして白菜の葉でひとつ一つ手で巻いて仕上げたサラダ感覚の漬物です。,熊谷食品の看板商品「葉くるみ漬」は一見ロールキャベツのようですが『中が大根、まわりが白菜』大根を芯にして白菜の葉でひとつ一つ手で巻いて仕上げたサラダ感覚の漬物です。,熊谷食品の看板商品「葉くるみ漬」は一見ロールキャベツのようですが『中が大根、まわりが白菜』大根を芯にして白菜の葉でひとつ一つ手で巻いて仕上げたサラダ感覚の漬物です。,熊谷食品の看板商品「葉くるみ漬」は一見ロールキャベツのようですが『中が大根、まわりが白菜』大根を芯にして白菜の葉でひとつ一つ手で巻いて仕上げたサラダ感覚の漬物です。,,前方に表示,1,,,,,,,,,,,,,熊谷食品-弘前市-/津軽の技 葉くるみ漬,熊谷食品-弘前市-/津軽の技 葉くるみ漬,熊谷食品-弘前市-/津軽の技 葉くるみ漬,0,掲載する,0
漬物,,T-02,元気モリモリ パワー白菜,https://file003.shop-pro.jp/PA01421/558/img/T-02M.jpg,作成する,https://file003.shop-pro.jp/PA01421/558/img/T-02.jpg,,,,,,,,,2500,2350,3000,1400,20,在庫管理する,1,100,,,,,個,,表示する,50,1,昆布の旨味や鷹の爪のピリ辛と相まって、食欲そそるニンニク風味の白菜漬です。,昆布の旨味や鷹の爪のピリ辛と相まって、食欲そそるニンニク風味の白菜漬です。,昆布の旨味や鷹の爪のピリ辛と相まって、食欲そそるニンニク風味の白菜漬です。,昆布の旨味や鷹の爪のピリ辛と相まって、食欲そそるニンニク風味の白菜漬です。,,前方に表示,1,,,,,,,,,,,,,熊谷食品-弘前市-/元気モリモリ パワー白菜,熊谷食品-弘前市-/元気モリモリ パワー白菜,熊谷食品-弘前市-/元気モリモリ パワー白菜,0,掲載する,0
漬物,,T-03,焼肉屋さんの白キムチ,https://file003.shop-pro.jp/PA01421/558/img/T-03M.jpg,作成する,https://file003.shop-pro.jp/PA01421/558/img/T-03.jpg,,,,,,,,,2500,2350,3000,1400,20,在庫管理する,1,100,,,,,個,,表示する,50,1,ニンニクの香りやネギの味わいが後を引く、キュウリのピリ辛白キムチです。,ニンニクの香りやネギの味わいが後を引く、キュウリのピリ辛白キムチです。,ニンニクの香りやネギの味わいが後を引く、キュウリのピリ辛白キムチです。,ニンニクの香りやネギの味わいが後を引く、キュウリのピリ辛白キムチです。,ニンニクの香りやネギの味わいが後を引く、キュウリのピリ辛白キムチです。,前方に表示,1,,,,,,,,,,,,,熊谷食品-弘前市-/焼肉屋さんの白キムチ,熊谷食品-弘前市-/焼肉屋さんの白キムチ,熊谷食品-弘前市-/焼肉屋さんの白キムチ,0,掲載する,0
漬物,,T-04,マイルドキムチ,https://file003.shop-pro.jp/PA01421/558/img/T-04M.jpg,作成する,https://file003.shop-pro.jp/PA01421/558/img/T-04.jpg,,,,,,,,,2500,2350,3000,1400,20,在庫管理する,1,100,,,,,個,,表示する,50,1,辛味と甘味のバランスが絶妙で、トロリとした食感が後を引く、辛さ控えめのキムチです。,辛味と甘味のバランスが絶妙で、トロリとした食感が後を引く、辛さ控えめのキムチです。,辛味と甘味のバランスが絶妙で、トロリとした食感が後を引く、辛さ控えめのキムチです。,辛味と甘味のバランスが絶妙で、トロリとした食感が後を引く、辛さ控えめのキムチです。,辛味と甘味のバランスが絶妙で、トロリとした食感が後を引く、辛さ控えめのキムチです。,前方に表示,1,,,,,,,,,,,,,熊谷食品-弘前市-/マイルドキムチ,熊谷食品-弘前市-/マイルドキムチ,熊谷食品-弘前市-/マイルドキムチ,0,掲載する,0
漬物,,T-05,赤かぶ千枚漬（りんご酢入）,https://file003.shop-pro.jp/PA01421/558/img/T-05M.jpg,作成する,https://file003.shop-pro.jp/PA01421/558/img/T-05.jpg,,,,,,,,,2500,2350,3000,1400,20,在庫管理する,1,100,,,,,個,,表示する,50,1,青森県産の赤カブをリンゴ酢で漬けた北国の代表的な漬物。春夏は白カブ、秋冬は赤カブです。,青森県産の赤カブをリンゴ酢で漬けた北国の代表的な漬物。春夏は白カブ、秋冬は赤カブです。,青森県産の赤カブをリンゴ酢で漬けた北国の代表的な漬物。春夏は白カブ、秋冬は赤カブです。,青森県産の赤カブをリンゴ酢で漬けた北国の代表的な漬物。春夏は白カブ、秋冬は赤カブです。,青森県産の赤カブをリンゴ酢で漬けた北国の代表的な漬物。春夏は白カブ、秋冬は赤カブです。,前方に表示,1,,,,,,,,,,,,,熊谷食品-弘前市-/赤かぶ千枚漬（りんご酢入り）,熊谷食品-弘前市-/赤かぶ千枚漬（りんご酢入り）,熊谷食品-弘前市-/赤かぶ千枚漬（りんご酢入り）,0,掲載する,0
漬物,,T-06,昆布入白菜浅漬,https://file003.shop-pro.jp/PA01421/558/img/T-06M.jpg,作成する,https://file003.shop-pro.jp/PA01421/558/img/T-06.jpg,,,,,,,,,2500,2350,3000,1400,20,在庫管理する,1,100,,,,,個,,表示する,50,1,細切り昆布の旨味とトロ味が、白菜の美味しさを引き出した、味わい深い浅漬です。,細切り昆布の旨味とトロ味が、白菜の美味しさを引き出した、味わい深い浅漬です。,細切り昆布の旨味とトロ味が、白菜の美味しさを引き出した、味わい深い浅漬です。,細切り昆布の旨味とトロ味が、白菜の美味しさを引き出した、味わい深い浅漬です。,細切り昆布の旨味とトロ味が、白菜の美味しさを引き出した、味わい深い浅漬です。,前方に表示,1,,,,,,,,,,,,,熊谷食品-弘前市-/昆布入白菜浅漬,熊谷食品-弘前市-/昆布入白菜浅漬,熊谷食品-弘前市-/昆布入白菜浅漬,0,掲載する,0
漬物,,T-07,じょっぱり漬,https://file003.shop-pro.jp/PA01421/558/img/T-07M.jpg,作成する,https://file003.shop-pro.jp/PA01421/558/img/T-07.jpg,,,,,,,,,2500,2350,3000,1400,20,在庫管理する,1,100,,,,,個,,表示する,50,1,柔らかい白カブと、カリッとしたキュウリがクセになる、昆布の旨味と、サッパリ塩味の漬物です。,柔らかい白カブと、カリッとしたキュウリがクセになる、昆布の旨味と、サッパリ塩味の漬物です。,柔らかい白カブと、カリッとしたキュウリがクセになる、昆布の旨味と、サッパリ塩味の漬物です。,柔らかい白カブと、カリッとしたキュウリがクセになる、昆布の旨味と、サッパリ塩味の漬物です。,柔らかい白カブと、カリッとしたキュウリがクセになる、昆布の旨味と、サッパリ塩味の漬物です。,前方に表示,1,,,,,,,,,,,,,熊谷食品-弘前市-/じょっぱり漬,熊谷食品-弘前市-/じょっぱり漬,熊谷食品-弘前市-/じょっぱり漬,0,掲載する,0
漬物,,T-08,紅鮭こうじ漬,https://file003.shop-pro.jp/PA01421/558/img/T-08M.jpg,作成する,https://file003.shop-pro.jp/PA01421/558/img/T-08.jpg,,,,,,,,,2500,2350,3000,1400,20,在庫管理する,1,100,,,,,個,,表示する,50,1,塩漬けした大根と、酢漬けした紅鮭を、塩麹で漬けた味わい深い漬物です。,塩漬けした大根と、酢漬けした紅鮭を、塩麹で漬けた味わい深い漬物です。,塩漬けした大根と、酢漬けした紅鮭を、塩麹で漬けた味わい深い漬物です。,塩漬けした大根と、酢漬けした紅鮭を、塩麹で漬けた味わい深い漬物です。,塩漬けした大根と、酢漬けした紅鮭を、塩麹で漬けた味わい深い漬物です。,前方に表示,1,,,,,,,,,,,,,熊谷食品-弘前市-/紅鮭こうじ漬,熊谷食品-弘前市-/紅鮭こうじ漬,熊谷食品-弘前市-/紅鮭こうじ漬,0,掲載する,0
漬物,,T-09,身欠ニシンこうじ漬,https://file003.shop-pro.jp/PA01421/558/img/T-09M.jpg,作成する,https://file003.shop-pro.jp/PA01421/558/img/T-09.jpg,,,,,,,,,2500,2350,3000,1400,20,在庫管理する,1,100,,,,,個,,表示する,50,1,塩漬けした大根と、身欠ニシンを、塩麹で漬けた津軽ならではの漬物です。,塩漬けした大根と、身欠ニシンを、塩麹で漬けた津軽ならではの漬物です。,塩漬けした大根と、身欠ニシンを、塩麹で漬けた津軽ならではの漬物です。,塩漬けした大根と、身欠ニシンを、塩麹で漬けた津軽ならではの漬物です。,塩漬けした大根と、身欠ニシンを、塩麹で漬けた津軽ならではの漬物です。,前方に表示,1,,,,,,,,,,,,,熊谷食品-弘前市-/身欠ニシンこうじ漬,熊谷食品-弘前市-/身欠ニシンこうじ漬,熊谷食品-弘前市-/身欠ニシンこうじ漬,0,掲載する,0
漬物,,T-10,いか丸くん,https://file003.shop-pro.jp/PA01421/558/img/T-10M.jpg,作成する,https://file003.shop-pro.jp/PA01421/558/img/T-10.jpg,,,,,,,,,2500,2350,3000,1400,20,在庫管理する,1,100,,,,,個,,表示する,50,1,丸ごとのイカの中にキャベツ漬、白菜漬、生姜、人参などを詰めたユニークで可愛い漬物です。,丸ごとのイカの中にキャベツ漬、白菜漬、生姜、人参などを詰めたユニークで可愛い漬物です。,丸ごとのイカの中にキャベツ漬、白菜漬、生姜、人参などを詰めたユニークで可愛い漬物です。,丸ごとのイカの中にキャベツ漬、白菜漬、生姜、人参などを詰めたユニークで可愛い漬物です。,丸ごとのイカの中にキャベツ漬、白菜漬、生姜、人参などを詰めたユニークで可愛い漬物です。,前方に表示,1,,,,,,,,,,,,,熊谷食品-弘前市-/いか丸くん,熊谷食品-弘前市-/いか丸くん,熊谷食品-弘前市-/いか丸くん,0,掲載する,0
漬物,,T-11,長芋スティック（たまり味）,https://file003.shop-pro.jp/PA01421/558/img/T-11M.jpg,作成する,https://file003.shop-pro.jp/PA01421/558/img/T-11.jpg,,,,,,,,,2500,2350,3000,1400,20,在庫管理する,1,100,,,,,個,,表示する,50,1,青森県産長芋を、玉ネギ風味のたまり醤油で漬けました。サクサク食感も相まってクセになる味です。,青森県産長芋を、玉ネギ風味のたまり醤油で漬けました。サクサク食感も相まってクセになる味です。,青森県産長芋を、玉ネギ風味のたまり醤油で漬けました。サクサク食感も相まってクセになる味です。,青森県産長芋を、玉ネギ風味のたまり醤油で漬けました。サクサク食感も相まってクセになる味です。,青森県産長芋を、玉ネギ風味のたまり醤油で漬けました。サクサク食感も相まってクセになる味です。,前方に表示,1,,,,,,,,,,,,,熊谷食品-弘前市-/長芋スティック（たまり味）,熊谷食品-弘前市-/長芋スティック（たまり味）,熊谷食品-弘前市-/長芋スティック（たまり味）,0,掲載する,0
漬物,,T-12,いかキャベツ,https://file003.shop-pro.jp/PA01421/558/img/T-12M.jpg,作成する,https://file003.shop-pro.jp/PA01421/558/img/T-12.jpg,,,,,,,,,2500,2350,3000,1400,20,在庫管理する,1,100,,,,,個,,表示する,50,1,イカの旨味、キャベツの食感と香りに、生姜の風味は津軽ならではです。,イカの旨味、キャベツの食感と香りに、生姜の風味は津軽ならではです。,イカの旨味、キャベツの食感と香りに、生姜の風味は津軽ならではです。,イカの旨味、キャベツの食感と香りに、生姜の風味は津軽ならではです。,イカの旨味、キャベツの食感と香りに、生姜の風味は津軽ならではです。,前方に表示,1,,,,,,,,,,,,,熊谷食品-弘前市-/いかキャベツ,熊谷食品-弘前市-/いかキャベツ,熊谷食品-弘前市-/いかキャベツ,0,掲載する,0
漬物,,T-13,さけキャベツ,https://file003.shop-pro.jp/PA01421/558/img/T-13M.jpg,作成する,https://file003.shop-pro.jp/PA01421/558/img/T-13.jpg,,,,,,,,,2500,2350,3000,1400,20,在庫管理する,1,100,,,,,個,,表示する,50,1,紅鮭の旨味、キャベツの食感と香りに、生姜の風味は津軽ならではです。,紅鮭の旨味、キャベツの食感と香りに、生姜の風味は津軽ならではです。,紅鮭の旨味、キャベツの食感と香りに、生姜の風味は津軽ならではです。,紅鮭の旨味、キャベツの食感と香りに、生姜の風味は津軽ならではです。,紅鮭の旨味、キャベツの食感と香りに、生姜の風味は津軽ならではです。,前方に表示,1,,,,,,,,,,,,,熊谷食品-弘前市-/さけキャベツ,熊谷食品-弘前市-/さけキャベツ,熊谷食品-弘前市-/さけキャベツ,0,掲載する,0
漬物,,T-14,くまさんのイカ白菜,https://file003.shop-pro.jp/PA01421/558/img/T-14M.jpg,作成する,https://file003.shop-pro.jp/PA01421/558/img/T-14.jpg,,,,,,,,,2500,2350,3000,1400,20,在庫管理する,1,100,,,,,個,,表示する,50,1,浅漬けの白菜に、イカと昆布の旨味が相まった、味わい深い漬物です。,浅漬けの白菜に、イカと昆布の旨味が相まった、味わい深い漬物です。,浅漬けの白菜に、イカと昆布の旨味が相まった、味わい深い漬物です。,浅漬けの白菜に、イカと昆布の旨味が相まった、味わい深い漬物です。,浅漬けの白菜に、イカと昆布の旨味が相まった、味わい深い漬物です。,前方に表示,1,,,,,,,,,,,,,熊谷食品-弘前市-/くまさんのイカ白菜,熊谷食品-弘前市-/くまさんのイカ白菜,熊谷食品-弘前市-/くまさんのイカ白菜,0,掲載する,0
漬物,,T-15,くまさんのサーモン白菜,https://file003.shop-pro.jp/PA01421/558/img/T-15M.jpg,作成する,https://file003.shop-pro.jp/PA01421/558/img/T-15.jpg,,,,,,,,,2500,2350,3000,1400,20,在庫管理する,1,100,,,,,個,,表示する,50,1,浅漬けの白菜に、紅鮭と昆布の旨味が相まった、味わい深い漬物です。,浅漬けの白菜に、紅鮭と昆布の旨味が相まった、味わい深い漬物です。,浅漬けの白菜に、紅鮭と昆布の旨味が相まった、味わい深い漬物です。,浅漬けの白菜に、紅鮭と昆布の旨味が相まった、味わい深い漬物です。,浅漬けの白菜に、紅鮭と昆布の旨味が相まった、味わい深い漬物です。,前方に表示,1,,,,,,,,,,,,,熊谷食品-弘前市-/くまさんのサーモン白菜,熊谷食品-弘前市-/くまさんのサーモン白菜,熊谷食品-弘前市-/くまさんのサーモン白菜,0,掲載する,0
